Item Title,List Name,List Description,Group,Date Added,Date Edited,Category,Pinned,Progress,Saved Web Link,Notes
"American Football (Deluxe Edition)","Albums I Want As Wall Art","","Fun Lists",7/15/24,7/15/24,Music Album,false,0.0,,""
"Bon Iver (Deluxe Edition)","Albums I Want As Wall Art","","Fun Lists",7/15/24,7/15/24,Music Album,false,0.0,,""
"Keep Me Fed","Albums I Want As Wall Art","","Fun Lists",7/15/24,7/15/24,Music Album,false,0.0,,""
"","Books ğŸ“š","","Backlogs",12/14/23,12/14/23,Book,false,0.0,,"Triple Click - Jason "
"100 Go Mistakes and How to Avoid Them","Books ğŸ“š","","Backlogs",3/7/24,3/7/24,Book,false,0.0,,"Best book for understanding how Go works (e.g., concurrency and memory model)"
"2001: A Space Odyssey","Books ğŸ“š","","Backlogs",9/7/23,9/7/23,Book,false,0.0,,""
"A Natural History of Dragons","Books ğŸ“š","","Backlogs",12/14/23,12/14/23,Book,false,0.0,,""
"A New World Begins","Books ğŸ“š","","Backlogs",11/28/24,11/28/24,Book,false,0.0,,""
"A Random Walk Down Wall Street: The Best Investment Guide That Money Can Buy (13th Edition)","Books ğŸ“š","","Backlogs",10/31/24,10/3/24,Book,false,0.0,,""
"A Wizard of Earthsea","Books ğŸ“š","","Backlogs",1/7/24,1/7/24,Book,false,0.0,,"YA by Ursula???"
"Accelerate","Books ğŸ“š","","Backlogs",2/21/24,2/21/24,Book,false,0.0,,"Keith McDonald recommends. Comprehensive study of technology organizations and what makes them successful. "
"All Systems Red","Books ğŸ“š","","Backlogs",12/14/23,12/14/23,Book,false,0.0,,""
"Arrival (Stories of Your Life MTI)","Books ğŸ“š","","Backlogs",6/12/24,6/12/24,Book,false,0.0,,""
"Babel","Books ğŸ“š","","Backlogs",6/27/24,6/27/24,Book,false,0.0,,"Jason Schreir1850s magic london"
"Batman: Resurrection","Books ğŸ“š","","Backlogs",11/1/24,11/1/24,Book,false,0.0,,"Highly recommended by Christian Spicer"
"Beautyland","Books ğŸ“š","","Backlogs",7/4/24,7/4/24,Book,false,0.0,,"Mallory Oâ€™Mara best book ever. Beautiful sci fi. "
"Becoming a Supple Leopard 2nd Edition","Books ğŸ“š","","Backlogs",5/11/24,5/11/24,Book,false,0.0,,""
"Before the Coffee Gets Cold","Books ğŸ“š","","Backlogs",11/10/24,11/10/24,Book,false,0.0,,"â€œHealing fictionâ€ covered by NYT"
"Cat's Cradle","Books ğŸ“š","","Backlogs",3/27/24,3/27/24,Book,false,0.0,,""
"Crafting Interpreters","Books ğŸ“š","","Backlogs",12/14/23,12/14/23,Book,false,0.0,,"Paul Hummer"
"Cyberpunk 2077: No Coincidence","Books ğŸ“š","","Backlogs",2/17/24,12/13/23,Book,false,0.0,,"Heist book set in world of the game "
"Dark Matter","Books ğŸ“š","","Backlogs",12/14/23,12/14/23,Book,false,0.0,,""
"Death on the Nile","Books ğŸ“š","","Backlogs",12/14/23,12/14/23,Book,false,0.0,,""
"Delicious in Dungeon, Vol. 1","Books ğŸ“š","","Backlogs",2/17/24,1/5/24,Book,false,0.0,,""
"Designing Data-Intensive Applications","Books ğŸ“š","","Backlogs",10/2/24,10/2/24,Book,false,0.0,,"Archana recommends as one of the best system design books sheâ€™s come across"
"Dragon Teeth","Books ğŸ“š","","Backlogs",6/9/24,6/9/24,Book,false,0.0,,""
"Elantris","Books ğŸ“š","","Backlogs",4/9/24,7/11/24,Book,false,0.0,,"Joe said I should read this one before reading up on CosmereLetâ€™s do it after Way of Kings"
"Elements of Style","Books ğŸ“š","","Backlogs",12/14/23,12/14/23,Book,false,0.0,,"short text on writing recommended by many"
"Emily Wilde's Encyclopaedia of Faeries","Books ğŸ“š","","Backlogs",12/14/23,12/14/23,Book,false,0.0,,""
"Equal Rites","Books ğŸ“š","","Backlogs",9/7/23,9/7/23,Book,false,0.0,,""
"Eruption","Books ğŸ“š","","Backlogs",6/9/24,6/9/24,Book,false,0.0,,""
"Everyone in This Room Will Someday Be Dead","Books ğŸ“š","","Backlogs",9/29/23,9/29/23,Book,false,0.0,,"Really deals with anxiety. Justin on besties read it all in one day. "
"Everything to Play For","Books ğŸ“š","","Backlogs",5/12/24,5/12/24,Book,false,0.0,,""
"Extinction","Books ğŸ“š","","Backlogs",9/7/23,9/7/23,Book,false,0.0,,""
"Fairy Tale","Books ğŸ“š","","Backlogs",9/26/23,9/26/23,Book,false,0.0,,"Christian Spicer recSays itâ€™s not really scary! "
"Final Theory","Books ğŸ“š","","Backlogs",9/7/23,9/7/23,Book,false,0.0,,""
"Frank Miller's Sin City Volume 1: The Hard Goodbye (Fourth Edition)","Books ğŸ“š","","Backlogs",9/7/23,9/7/23,Book,false,0.0,,""
"Freakonomics","Books ğŸ“š","","Backlogs",9/7/23,9/7/23,Book,false,0.0,,""
"From Here to Eternity: Traveling the World to Find the Good Death","Books ğŸ“š","","Backlogs",9/22/23,9/22/23,Book,false,0.0,,"Recommended by Janessa at work. Same author also has a book about working in a crematorium."
"Futuristic Violence and Fancy Suits","Books ğŸ“š","","Backlogs",12/14/23,12/14/23,Book,false,0.0,,""
"Game Changers: The Video Game Revolution","Books ğŸ“š","","Backlogs",11/29/23,11/29/23,Book,false,0.0,,"Recommended by Chris Plante. [Link to Goodreads](https://www.goodreads.com/book/show/139399966-game-changers)."
"Girls Make Movies","Books ğŸ“š","","Backlogs",12/14/23,12/14/23,Book,false,0.0,,""
"Go Take a Bath!: A powerful self-care approach to extraordinary parenting","Books ğŸ“š","","Backlogs",11/29/23,11/29/23,Book,false,0.0,,"I think Emily Oster may have recommended this? Not sure. [Link](https://www.goodreads.com/book/show/19202515-go-take-a-bath)."
"Hard-Boiled Wonderland and the End of the World","Books ğŸ“š","","Backlogs",9/7/23,9/7/23,Book,false,0.0,,""
"Hart's Hope","Books ğŸ“š","","Backlogs",9/7/23,9/7/23,Book,false,0.0,,""
"Hell Is a World Without You","Books ğŸ“š","","Backlogs",1/26/24,1/26/24,Book,false,0.0,,"Recommended by Max. About growing up evangelical"
"Horror Movie","Books ğŸ“š","","Backlogs",8/12/24,8/12/24,Book,false,0.0,,""
"How to Be Perfect","Books ğŸ“š","","Backlogs",12/14/23,12/14/23,Book,false,0.0,,"For some reason Michael Sur wrote a book on ethics."
"How to Write One Song","Books ğŸ“š","","Backlogs",7/25/24,7/25/24,Book,false,0.0,,"Recommended by Kurt Hamilton"
"Impact Mapping","Books ğŸ“š","","Backlogs",2/11/24,2/11/24,Book,false,0.0,,"Recommended by Keith McDonald at work. Short book with great advice and lots of great references."
"In Defense of Food","Books ğŸ“š","","Backlogs",9/7/23,9/7/23,Book,false,0.0,,""
"In a Sunburned Country","Books ğŸ“š","","Backlogs",9/7/23,9/7/23,Book,false,0.0,,""
"Into Thin Air","Books ğŸ“š","","Backlogs",9/7/23,9/7/23,Book,false,0.0,,""
"It's Not TV","Books ğŸ“š","","Backlogs",12/14/23,12/14/23,Book,false,0.0,,"I think Triple Click recommended."
"Lady Macbeth","Books ğŸ“š","","Backlogs",5/23/24,5/23/24,Book,false,0.0,,"Recommended by Mallory. Witchy. Scotland. Feminist retelling. "
"Language Implementation Patterns","Books ğŸ“š","","Backlogs",9/20/23,9/20/23,Book,false,0.0,,"Paul Hummer recommended this!"
"Liftoff: Couch to Barbell","Books ğŸ“š","","Backlogs",1/18/24,1/18/24,Book,false,0.0,,"By Casey Johnston Recommended by Maddie Myers. Although lifting is the end goal of the book it teaches body weight full body movement exercises that are good for anyone. "
"MCU: The Reign of Marvel Studios","Books ğŸ“š","","Backlogs",11/18/23,11/16/23,Book,false,0.0,,""
"Magic for Liars","Books ğŸ“š","","Backlogs",12/14/23,12/14/23,Book,false,0.0,,""
"Mortal Engines (Mortal Engines, Book 1)","Books ğŸ“š","","Backlogs",12/14/23,12/14/23,Book,false,0.0,,"Per Steven at work: If you can accept the premise itâ€™s incredible."
"Notes from a Small Island","Books ğŸ“š","","Backlogs",9/7/23,9/7/23,Book,false,0.0,,""
"Of Blood and Fire","Books ğŸ“š","","Backlogs",1/26/24,1/26/24,Book,false,0.0,,"Recommended by Heidi. Ryan Cahill The bound and the broken #1"
"On Writing Well, 30th Anniversary Edition","Books ğŸ“š","","Backlogs",12/14/23,12/14/23,Book,false,0.0,,""
"One Flew Over the Cuckoo's Nest","Books ğŸ“š","","Backlogs",11/1/24,11/1/24,Book,false,0.0,,"One of Loganâ€™s favorite books! Unreliable narrator."
"Ordinary Monsters","Books ğŸ“š","","Backlogs",9/9/23,9/9/23,Book,false,0.0,,"Eli got this for Logan after seeing it recommended at that book and liquor bar in Europe. "
"Out of the Silent Planet","Books ğŸ“š","","Backlogs",1/28/24,1/28/24,Book,false,0.0,,"Primagen recommends. Did a coin flip with JRR Tolkien for who does a space and does a time book. This is the space book. LOTR is the time book. "
"Outlive","Books ğŸ“š","","Backlogs",3/12/24,3/12/24,Book,false,0.0,,"Sai at work recommends. He says the longevity angle is marketing. But it really is generally about health and healthcare and he learned a lot. "
"Pericles and Aspasia","Books ğŸ“š","","Backlogs",11/28/24,11/28/24,Book,false,0.0,,"Read about it in Harperâ€™s. Similar to Circe. "
"Red Mars","Books ğŸ“š","","Backlogs",12/14/23,12/14/23,Book,false,0.0,,""
"Retro Gaming: A Byte-sized History of Video Games","Books ğŸ“š","","Backlogs",12/14/23,12/14/23,Book,false,0.0,,"Author: Mike Diver"
"SQL Performance Explained","Books ğŸ“š","","Backlogs",12/14/23,12/14/23,Book,false,0.0,,"Author: Markus Winand"
"Shadow and Bone","Books ğŸ“š","","Backlogs",3/8/24,3/8/24,Book,false,0.0,,"Fantasy- table setting for six of crows "
"Six of Crows","Books ğŸ“š","","Backlogs",3/8/24,3/8/24,Book,false,0.0,,"Fantasy novel that follows a gang of six thieves! Maybe will scratch my lies of Locke lamora itch "
"Slough House","Books ğŸ“š","","Backlogs",7/25/24,7/25/24,Book,false,0.0,,"Recommended by DanielSpy novel "
"Slow Horses","Books ğŸ“š","","Backlogs",8/28/24,8/28/24,Book,false,0.0,,""
"Start with Why","Books ğŸ“š","","Backlogs",6/25/24,6/25/24,Book,false,0.0,,"AR3"
"Structure and Interpretation of Computer Programs","Books ğŸ“š","","Backlogs",11/18/24,11/18/24,Book,false,0.0,,"Stone cold classic, often referenced. Maybe as â€œup thereâ€ as the data intensive application. "
"Team of Vipers","Books ğŸ“š","","Backlogs",3/5/24,3/2/24,Book,false,0.0,,""
"Teenage Mutant Ninja Turtles: The Last Ronin","Books ğŸ“š","","Backlogs",9/20/23,9/20/23,Book,false,0.0,,"Got it from the digital library and tried to read on the Kindle app. It works really well but I just couldnâ€™t stay interested reading that way. Definitely want to read it physically!"
"The Andromeda Evolution","Books ğŸ“š","","Backlogs",6/9/24,6/9/24,Book,false,0.0,,""
"The Appeal","Books ğŸ“š","","Backlogs",8/1/24,8/1/24,Book,false,0.0,,"Recommended by Conor Dilk"
"The Beauty of Games","Books ğŸ“š","","Backlogs",9/15/23,9/15/23,Book,false,0.0,,"Academic book technically. Recommended by Chris Plant. But just an enjoyable game criticism book. "
"The Boo (Enhanced Edition)","Books ğŸ“š","","Backlogs",9/7/23,9/7/23,Book,false,0.0,,""
"The Bright Sword","Books ğŸ“š","","Backlogs",5/27/24,5/27/24,Book,false,0.0,,"Another King Arthur retelling. Lev Grossman did the Magicians. "
"The Caped Crusade","Books ğŸ“š","","Backlogs",12/14/23,12/14/23,Book,false,0.0,,""
"The Complaints","Books ğŸ“š","","Backlogs",3/17/24,3/17/24,Book,false,0.0,,"Crime writer that Bourdain hung out with in an episode. "
"The Curse of Chalion","Books ğŸ“š","","Backlogs",5/23/24,5/23/24,Book,false,0.0,,"Kirk Hamilton"
"The Disappearing Spoon","Books ğŸ“š","","Backlogs",9/7/23,9/7/23,Book,false,0.0,,""
"The Elegant Universe: Superstrings, Hidden Dimensions, and the Quest for the Ultimate Theory","Books ğŸ“š","","Backlogs",9/7/23,9/7/23,Book,false,0.0,,""
"The Family Firm","Books ğŸ“š","","Backlogs",12/14/23,12/14/23,Book,false,0.0,,""
"The He-Man Effect","Books ğŸ“š","","Backlogs",12/14/23,12/14/23,Book,false,0.0,,""
"The Lost Shtetl","Books ğŸ“š","","Backlogs",5/23/24,5/23/24,Book,false,0.0,,"Jason Schreir"
"The Ministry for the Future","Books ğŸ“š","","Backlogs",12/14/23,12/14/23,Book,false,0.0,,""
"The Ministry of Time","Books ğŸ“š","","Backlogs",6/6/24,6/6/24,Book,false,0.0,,"Jason Schreier"
"The PARA Method","Books ğŸ“š","","Backlogs",1/29/24,1/29/24,Book,false,0.0,,"Recommended by Andrew Mason.Projects / Areas / Responsibilities. Something else.Donâ€™t want to go all in but could be useful. "
"The Parliament","Books ğŸ“š","","Backlogs",8/29/24,8/29/24,Book,false,0.0,,"Recommended by reading glasses. Princess bride ajacent?"
"The Soul of A New Machine","Books ğŸ“š","","Backlogs",12/14/23,12/14/23,Book,false,0.0,,""
"The Surviving Sky","Books ğŸ“š","","Backlogs",9/11/23,9/11/23,Book,false,0.0,,"Saw at library. South Asian fantasy and a marriage story. "
"The Three-Body Problem","Books ğŸ“š","","Backlogs",10/23/23,10/23/23,Book,false,0.0,,""
"The Way Things Work Now","Books ğŸ“š","","Backlogs",12/14/23,12/14/23,Book,false,0.0,,""
"The last question","Books ğŸ“š","","Backlogs",7/15/24,7/15/24,Book,false,0.0,,""
"Thunderstruck","Books ğŸ“š","","Backlogs",3/1/24,3/1/24,Book,false,0.0,,"Historical. Fiction? It is a true story. By Erik Larson, author of Devil in the White City.Could be a good one to read with dad, or read and then give to dad. "
"Tomorrow, and Tomorrow, and Tomorrow","Books ğŸ“š","","Backlogs",12/14/23,8/1/24,Book,false,0.0,,"Recommended by Andrew Clark"
"Travels","Books ğŸ“š","","Backlogs",9/7/23,9/7/23,Book,false,0.0,,""
"Trust (Pulitzer Prize Winner)","Books ğŸ“š","","Backlogs",12/29/23,12/29/23,Book,false,0.0,,"Justin McElroy"
"Understanding Variation: The Key to Managing Chaos","Books ğŸ“š","","Backlogs",9/5/23,9/5/23,Book,false,0.0,,"By Donald J WheelerRecommended by CP Grey. He used it to figure out how to do logistics spreadsheets for cortex brand. "
"Unhinged","Books ğŸ“š","","Backlogs",10/13/23,10/13/23,Book,false,0.0,,"Recommended by satan "
"Video Game of the Year","Books ğŸ“š","","Backlogs",1/15/24,1/15/24,Book,false,0.0,,"He was a guest on DLC podcast"
"Wanderlust","Books ğŸ“š","","Backlogs",6/13/24,6/13/24,Book,false,0.0,,"Recommended on We Have Concerns"
"What's Going on in There?","Books ğŸ“š","","Backlogs",8/15/24,8/15/24,Book,false,0.0,,"Recommended by Heidi"
"When We Cease to Understand the World","Books ğŸ“š","","Backlogs",5/20/24,5/20/24,Book,false,0.0,,"Keith McDonald"
"When Will It Be Done?","Books ğŸ“š","","Backlogs",2/11/24,2/11/24,Book,false,0.0,,"By Daniel S VascantiRecommended by Keith McDonald.Book about how to do projections / estimates in Agile based on stories / velocity / etc. "
"Writing Tools","Books ğŸ“š","","Backlogs",7/25/24,7/25/24,Book,false,0.0,,"Recommended by Kurt Hamilton"
"Yellowface","Books ğŸ“š","","Backlogs",2/17/24,12/14/23,Book,false,0.0,,"Learned of it from Reading Glasses. Brea loves it. Huge book for 2023. "
"Your Money Life: Your 30s","Books ğŸ“š","","Backlogs",1/2/24,1/2/24,Book,true,0.0,,""
"Youth group","Books ğŸ“š","","Backlogs",2/17/24,1/12/24,Book,false,0.0,,"By Jordan morris friend of the besties. YA horror comedy "
"Demetri Martin: Demetri Deconstructed","Comedy Specials","","Backlogs",5/31/24,5/31/24,Movie,false,0.0,,""
"John Mulaney Presents: Everybody's in L.A.","Comedy Specials","","Backlogs",5/31/24,5/31/24,TV Show,false,0.0,,""
"A Confederacy of Dunces","Did Not Finish","I put this down without feeling like I was done with it yet. Could be because I didnâ€™t want to finish it or because I do want to return to it one day. ","Tracking",9/7/23,9/7/23,Book,false,0.0,,""
"Abraham Lincoln: Vampire Hunter","Did Not Finish","I put this down without feeling like I was done with it yet. Could be because I didnâ€™t want to finish it or because I do want to return to it one day. ","Tracking",9/7/23,9/7/23,Book,false,0.0,,""
"Atomic Habits","Did Not Finish","I put this down without feeling like I was done with it yet. Could be because I didnâ€™t want to finish it or because I do want to return to it one day. ","Tracking",9/7/23,9/7/23,Book,false,0.0,,""
"Bridge of Clay","Did Not Finish","I put this down without feeling like I was done with it yet. Could be because I didnâ€™t want to finish it or because I do want to return to it one day. ","Tracking",9/7/23,9/7/23,Book,false,0.0,,""
"Comedy Book","Did Not Finish","I put this down without feeling like I was done with it yet. Could be because I didnâ€™t want to finish it or because I do want to return to it one day. ","Tracking",4/22/24,3/30/24,Book,false,0.0,,""
"Cultish","Did Not Finish","I put this down without feeling like I was done with it yet. Could be because I didnâ€™t want to finish it or because I do want to return to it one day. ","Tracking",7/9/24,5/11/24,Book,false,0.0,,"Recommended by Jason on Triple Click. Linguistics and sociology of cultish things. This same author recommended by Brea for new book about psychology. "
"Dhalgren","Did Not Finish","I put this down without feeling like I was done with it yet. Could be because I didnâ€™t want to finish it or because I do want to return to it one day. ","Tracking",9/7/23,9/7/23,Book,false,0.0,,""
"Dicey Dungeons","Did Not Finish","I put this down without feeling like I was done with it yet. Could be because I didnâ€™t want to finish it or because I do want to return to it one day. ","Tracking",9/7/23,9/7/23,Video Game,false,0.0,,""
"Disc Room","Did Not Finish","I put this down without feeling like I was done with it yet. Could be because I didnâ€™t want to finish it or because I do want to return to it one day. ","Tracking",9/7/23,9/7/23,Video Game,false,0.0,,""
"Disrupting the Game","Did Not Finish","I put this down without feeling like I was done with it yet. Could be because I didnâ€™t want to finish it or because I do want to return to it one day. ","Tracking",9/7/23,9/7/23,Book,false,0.0,,""
"Elden Ring","Did Not Finish","I put this down without feeling like I was done with it yet. Could be because I didnâ€™t want to finish it or because I do want to return to it one day. ","Tracking",9/7/23,9/7/23,Video Game,false,0.0,,""
"Everything Is Illuminated","Did Not Finish","I put this down without feeling like I was done with it yet. Could be because I didnâ€™t want to finish it or because I do want to return to it one day. ","Tracking",9/7/23,9/7/23,Book,false,0.0,,""
"Fez","Did Not Finish","I put this down without feeling like I was done with it yet. Could be because I didnâ€™t want to finish it or because I do want to return to it one day. ","Tracking",9/7/23,9/7/23,Video Game,false,0.0,,""
"Good Omens","Did Not Finish","I put this down without feeling like I was done with it yet. Could be because I didnâ€™t want to finish it or because I do want to return to it one day. ","Tracking",9/7/23,9/7/23,Book,false,0.0,,""
"Guns, Germs, and Steel: The Fates of Human Societies (20th Anniversary Edition)","Did Not Finish","I put this down without feeling like I was done with it yet. Could be because I didnâ€™t want to finish it or because I do want to return to it one day. ","Tracking",9/7/23,9/7/23,Book,false,0.0,,""
"Hemingway Didnâ€™t Say That","Did Not Finish","I put this down without feeling like I was done with it yet. Could be because I didnâ€™t want to finish it or because I do want to return to it one day. ","Tracking",9/7/23,9/7/23,Book,false,0.0,,""
"I'm a Stranger Here Myself","Did Not Finish","I put this down without feeling like I was done with it yet. Could be because I didnâ€™t want to finish it or because I do want to return to it one day. ","Tracking",9/7/23,9/7/23,Book,false,0.0,,""
"Into Wine","Did Not Finish","I put this down without feeling like I was done with it yet. Could be because I didnâ€™t want to finish it or because I do want to return to it one day. ","Tracking",9/7/23,9/7/23,Book,false,0.0,,""
"Kolbe","Did Not Finish","I put this down without feeling like I was done with it yet. Could be because I didnâ€™t want to finish it or because I do want to return to it one day. ","Tracking",9/7/23,9/7/23,Book,false,0.0,,"I was reading The Honest Spy - the american version of this"
"Marvel's Guardians of the Galaxy","Did Not Finish","I put this down without feeling like I was done with it yet. Could be because I didnâ€™t want to finish it or because I do want to return to it one day. ","Tracking",9/7/23,9/7/23,Video Game,false,0.0,,""
"Mayflower","Did Not Finish","I put this down without feeling like I was done with it yet. Could be because I didnâ€™t want to finish it or because I do want to return to it one day. ","Tracking",9/7/23,9/7/23,Book,false,0.0,,""
"Micro","Did Not Finish","I put this down without feeling like I was done with it yet. Could be because I didnâ€™t want to finish it or because I do want to return to it one day. ","Tracking",9/7/23,9/7/23,Book,false,0.0,,""
"Ni no Kuni: Wrath of the White Witch","Did Not Finish","I put this down without feeling like I was done with it yet. Could be because I didnâ€™t want to finish it or because I do want to return to it one day. ","Tracking",9/7/23,9/7/23,Video Game,false,0.0,,""
"Octopath Traveler II","Did Not Finish","I put this down without feeling like I was done with it yet. Could be because I didnâ€™t want to finish it or because I do want to return to it one day. ","Tracking",10/3/24,7/26/24,Video Game,false,0.0,,""
"Parable of the Sower","Did Not Finish","I put this down without feeling like I was done with it yet. Could be because I didnâ€™t want to finish it or because I do want to return to it one day. ","Tracking",9/7/23,9/7/23,Book,false,0.0,,""
"Pasta, Pane, Vino","Did Not Finish","I put this down without feeling like I was done with it yet. Could be because I didnâ€™t want to finish it or because I do want to return to it one day. ","Tracking",9/7/23,9/7/23,Book,false,0.0,,""
"PokÃ©mon Legends: Arceus","Did Not Finish","I put this down without feeling like I was done with it yet. Could be because I didnâ€™t want to finish it or because I do want to return to it one day. ","Tracking",11/10/23,11/25/23,Video Game,false,0.0,,"Abandoned on November 10"
"PostgreSQL Query Optimization","Did Not Finish","I put this down without feeling like I was done with it yet. Could be because I didnâ€™t want to finish it or because I do want to return to it one day. ","Tracking",5/26/24,5/26/24,Book,false,0.0,,"Good information, but Iâ€™m struggling to get through it. Goes into layout on disk for various data structures and indexes. Good info to return to after maybe more surface level reading elsewhere. "
"Practical Object-Oriented Design in Ruby: An Agile Primer","Did Not Finish","I put this down without feeling like I was done with it yet. Could be because I didnâ€™t want to finish it or because I do want to return to it one day. ","Tracking",11/21/23,9/7/23,Book,false,0.0,,""
"Star Wars: Andor","Did Not Finish","I put this down without feeling like I was done with it yet. Could be because I didnâ€™t want to finish it or because I do want to return to it one day. ","Tracking",2/12/24,12/1/23,TV Show,false,0.0,,""
"SteamWorld Heist","Did Not Finish","I put this down without feeling like I was done with it yet. Could be because I didnâ€™t want to finish it or because I do want to return to it one day. ","Tracking",7/12/24,6/28/24,Video Game,false,0.0,,""
"Surely You Can't Be Serious","Did Not Finish","I put this down without feeling like I was done with it yet. Could be because I didnâ€™t want to finish it or because I do want to return to it one day. ","Tracking",6/26/24,11/20/23,Book,false,0.0,,""
"Teenage Mutant Ninja Turtles: Shredder's Revenge","Did Not Finish","I put this down without feeling like I was done with it yet. Could be because I didnâ€™t want to finish it or because I do want to return to it one day. ","Tracking",9/7/23,9/7/23,Video Game,false,0.0,,""
"The 5 Love Languages","Did Not Finish","I put this down without feeling like I was done with it yet. Could be because I didnâ€™t want to finish it or because I do want to return to it one day. ","Tracking",9/7/23,9/7/23,Book,false,0.0,,""
"The Burial of Jesus: History and Faith","Did Not Finish","I put this down without feeling like I was done with it yet. Could be because I didnâ€™t want to finish it or because I do want to return to it one day. ","Tracking",9/7/23,9/7/23,Book,false,0.0,,""
"The Count of Monte Cristo","Did Not Finish","I put this down without feeling like I was done with it yet. Could be because I didnâ€™t want to finish it or because I do want to return to it one day. ","Tracking",9/7/23,9/7/23,Book,false,0.0,,""
"The Last Man","Did Not Finish","I put this down without feeling like I was done with it yet. Could be because I didnâ€™t want to finish it or because I do want to return to it one day. ","Tracking",9/7/23,9/7/23,Book,false,0.0,,""
"The Lost Books of the Odyssey","Did Not Finish","I put this down without feeling like I was done with it yet. Could be because I didnâ€™t want to finish it or because I do want to return to it one day. ","Tracking",9/7/23,9/7/23,Book,false,0.0,,""
"The Mountain of Silence","Did Not Finish","I put this down without feeling like I was done with it yet. Could be because I didnâ€™t want to finish it or because I do want to return to it one day. ","Tracking",9/7/23,9/7/23,Book,false,0.0,,""
"The Muralist","Did Not Finish","I put this down without feeling like I was done with it yet. Could be because I didnâ€™t want to finish it or because I do want to return to it one day. ","Tracking",9/7/23,9/7/23,Book,false,0.0,,""
"The Mysterious Island","Did Not Finish","I put this down without feeling like I was done with it yet. Could be because I didnâ€™t want to finish it or because I do want to return to it one day. ","Tracking",9/7/23,9/7/23,Book,false,0.0,,""
"The Pedestrian","Did Not Finish","I put this down without feeling like I was done with it yet. Could be because I didnâ€™t want to finish it or because I do want to return to it one day. ","Tracking",9/7/23,9/7/23,Video Game,false,0.0,,""
"The Perfect Prince","Did Not Finish","I put this down without feeling like I was done with it yet. Could be because I didnâ€™t want to finish it or because I do want to return to it one day. ","Tracking",9/7/23,9/7/23,Book,false,0.0,,""
"The Silmarillion","Did Not Finish","I put this down without feeling like I was done with it yet. Could be because I didnâ€™t want to finish it or because I do want to return to it one day. ","Tracking",9/7/23,9/7/23,Book,false,0.0,,""
"The Stand","Did Not Finish","I put this down without feeling like I was done with it yet. Could be because I didnâ€™t want to finish it or because I do want to return to it one day. ","Tracking",9/7/23,9/7/23,Book,false,0.0,,""
"The Things They Carried","Did Not Finish","I put this down without feeling like I was done with it yet. Could be because I didnâ€™t want to finish it or because I do want to return to it one day. ","Tracking",9/7/23,9/7/23,Book,false,0.0,,""
"The Unwritten Rules of PhD Research","Did Not Finish","I put this down without feeling like I was done with it yet. Could be because I didnâ€™t want to finish it or because I do want to return to it one day. ","Tracking",9/7/23,9/7/23,Book,false,0.0,,""
"Tinker, Tailor, Soldier, Spy","Did Not Finish","I put this down without feeling like I was done with it yet. Could be because I didnâ€™t want to finish it or because I do want to return to it one day. ","Tracking",9/7/23,9/7/23,Book,false,0.0,,""
"What the Dormouse Said","Did Not Finish","I put this down without feeling like I was done with it yet. Could be because I didnâ€™t want to finish it or because I do want to return to it one day. ","Tracking",9/7/23,9/7/23,Book,false,0.0,,""
"Why We Sleep","Did Not Finish","I put this down without feeling like I was done with it yet. Could be because I didnâ€™t want to finish it or because I do want to return to it one day. ","Tracking",9/7/23,9/7/23,Book,false,0.0,,""
"Batman: Arkham Asylum","Enjoy With The Season ","","Fun Lists",7/19/24,7/19/24,Video Game,false,0.0,,""
"I Am Setsuna","Enjoy With The Season ","","Fun Lists",7/19/24,7/19/24,Video Game,false,0.0,,""
"Paranormasight: The Seven Mysteries of Honjo","Enjoy With The Season ","","Fun Lists",7/19/24,7/19/24,Video Game,false,0.0,,""
"A Highland Song","Gaming ğŸ®","","Backlogs",2/17/24,12/14/23,Video Game,false,0.0,,"Recommended by KurtPlatforming. Narrative. Rhythm. Explore to beautiful music. "
"A Space for the Unbound","Gaming ğŸ®","","Backlogs",11/28/23,11/28/23,Video Game,false,0.0,,"An adventure game! Looks dun"
"Animal Well","Gaming ğŸ®","","Backlogs",5/9/24,5/9/24,Video Game,false,0.0,,""
"Armored Core VI: Fires of Rubicon","Gaming ğŸ®","","Backlogs",9/4/23,9/4/23,Video Game,false,0.0,,""
"Army of Ruin","Gaming ğŸ®","","Backlogs",10/30/23,10/30/23,Video Game,false,0.0,,"Recommended by CPGrey as an aesthetically pleasant bullet heaven. "
"Assassin's Creed Mirage","Gaming ğŸ®","","Backlogs",10/10/23,10/10/23,Video Game,false,0.0,,""
"Astral Ascent","Gaming ğŸ®","","Backlogs",11/18/23,1/2/24,Video Game,false,0.0,,"Stephen Hilger "
"Backpack Hero","Gaming ğŸ®","","Backlogs",12/1/23,12/1/23,Video Game,false,0.0,,"Besties recommended. Combat like slay the spire or dicey dungeons. But you pack a bag as your load out. Permanent progression hooks. "
"Baldur's Gate 3","Gaming ğŸ®","","Backlogs",12/4/23,12/4/23,Video Game,false,0.0,,""
"Cyberpunk 2077","Gaming ğŸ®","","Backlogs",12/4/23,12/4/23,Video Game,false,0.0,,"Really want to play through 2.0 update on Xbox "
"Device 6","Gaming ğŸ®","","Backlogs",7/9/24,7/9/24,Video Game,false,0.0,,"Essential iOS game. Adventure game - a novel and a puzzle. "
"Devil Blade Reboot","Gaming ğŸ®","","Backlogs",6/12/24,6/12/24,Video Game,false,0.0,,"Planteâ€™s recommendation for best beginner SHMUP"
"Dragon's Dogma II","Gaming ğŸ®","","Backlogs",12/4/23,12/4/23,Video Game,false,0.0,,""
"I Am Setsuna","Gaming ğŸ®","","Backlogs",7/19/24,7/19/24,Video Game,false,0.0,,""
"Immortals of Aveum","Gaming ğŸ®","","Backlogs",9/11/23,9/11/23,Video Game,false,0.0,,""
"Jet Lancer","Gaming ğŸ®","","Backlogs",11/25/23,11/25/23,Video Game,false,0.0,,"Recommended by Polygon as one of the best Switch games. Plays well handheld. "
"Journey","Gaming ğŸ®","","Backlogs",9/16/23,9/16/23,Video Game,false,0.0,,"Supposed to be very chill and positive experience. "
"Lil Gator Game","Gaming ğŸ®","","Backlogs",12/1/23,12/1/23,Video Game,false,0.0,,""
"Littlewood","Gaming ğŸ®","","Backlogs",12/6/23,12/6/23,Video Game,false,0.0,,"Relaxing town management "
"Metroid Prime Remastered","Gaming ğŸ®","","Backlogs",2/17/24,5/9/24,Video Game,false,0.0,,""
"Murder by Numbers","Gaming ğŸ®","","Backlogs",12/6/23,6/11/24,Video Game,true,0.0,,"Picross meets murder mystery!!!!"
"Neon White","Gaming ğŸ®","","Backlogs",2/26/24,2/26/24,Video Game,false,0.0,,""
"Ni no Kuni II: Revenant Kingdom","Gaming ğŸ®","","Backlogs",12/1/23,12/1/23,Video Game,false,0.0,,""
"No Rest for the Wicked","Gaming ğŸ®","","Backlogs",2/17/24,12/11/23,Video Game,false,0.0,,""
"Pawnbarian","Gaming ğŸ®","","Backlogs",9/7/23,9/7/23,Video Game,false,0.0,,""
"Penny's Big Breakaway","Gaming ğŸ®","","Backlogs",2/26/24,2/26/24,Video Game,false,0.0,,"3D platformer!"
"PlateUp!","Gaming ğŸ®","","Backlogs",11/22/23,11/22/23,Video Game,false,0.0,,"Roguelite overcooked"
"Railbound","Gaming ğŸ®","","Backlogs",12/6/23,12/6/23,Video Game,false,0.0,,"Relaxing puzzle game. "
"Roots of Pacha","Gaming ğŸ®","","Backlogs",12/1/23,12/1/23,Video Game,false,0.0,,"Farming sim. According to devs, no stress because you donâ€™t have to get anything done by a certain time. So you can really just do whatever whenever. "
"Saltsea Chronicles","Gaming ğŸ®","","Backlogs",11/28/23,11/28/23,Video Game,false,0.0,,""
"Skald: Against the Black Priory","Gaming ğŸ®","","Backlogs",7/1/24,7/1/24,Video Game,false,0.0,,""
"Sonic Dream Team","Gaming ğŸ®","","Backlogs",11/12/23,11/12/23,Video Game,false,0.0,,""
"The Last of Us Part I","Gaming ğŸ®","","Backlogs",1/29/24,1/29/24,Video Game,false,0.0,,""
"The Messenger","Gaming ğŸ®","","Backlogs",10/10/23,10/10/23,Video Game,false,0.0,,""
"The Outer Worlds","Gaming ğŸ®","","Backlogs",1/13/24,1/13/24,Video Game,false,0.0,,""
"The Talos Principle II","Gaming ğŸ®","","Backlogs",11/13/23,11/13/23,Video Game,false,0.0,,""
"The Thaumaturge","Gaming ğŸ®","","Backlogs",2/25/24,2/19/24,Video Game,false,0.0,,""
"Viewfinder","Gaming ğŸ®","","Backlogs",2/17/24,12/27/23,Video Game,false,0.0,,""
"Witching Stone","Gaming ğŸ®","","Backlogs",12/5/24,12/5/24,Video Game,false,0.0,,""
"Ace Attorney Investigations: Miles Edgeworth","In Progress","","Tracking",10/4/24,10/4/24,Video Game,false,0.0,,""
"The Legend of Zelda: Echoes of Wisdom","In Progress","","Tracking",10/4/24,10/4/24,Video Game,false,0.0,,""
"Arrival","Movies ğŸ¿","","Backlogs",9/3/23,9/3/23,Movie,false,0.0,,""
"Batman Ninja","Movies ğŸ¿","","Backlogs",9/21/24,9/21/24,Movie,false,0.0,,""
"Batman: Mask of the Phantasm","Movies ğŸ¿","","Backlogs",2/17/24,12/27/23,Movie,false,0.0,,"One polygon writer said itâ€™s the best Batman movie. "
"Being John Malkovich","Movies ğŸ¿","","Backlogs",2/17/24,12/23/23,Movie,false,0.0,,""
"Blade Runner","Movies ğŸ¿","","Backlogs",10/4/23,10/4/23,Movie,false,0.0,,""
"Bloodsport","Movies ğŸ¿","","Backlogs",10/30/23,10/26/23,Movie,false,0.0,,""
"Bullet Train","Movies ğŸ¿","","Backlogs",2/17/24,1/9/24,Movie,false,0.0,,""
"Chicken Run: Dawn of the Nugget","Movies ğŸ¿","","Backlogs",12/16/23,12/16/23,Movie,false,0.0,,""
"Cocktail","Movies ğŸ¿","","Backlogs",2/28/24,2/28/24,Movie,false,0.0,,"Mentioned by  HTD. Would be fun to watch with Daniel. "
"Con Air","Movies ğŸ¿","","Backlogs",2/17/24,12/23/23,Movie,false,0.0,,""
"Demolition Man","Movies ğŸ¿","","Backlogs",9/25/23,9/25/23,Movie,false,0.0,,""
"Do Not Expect Too Much from the End of the World","Movies ğŸ¿","","Backlogs",10/25/24,10/25/24,Movie,false,0.0,,"Rob Wagner recommends this Romanian movie. About exploitation of Romanian workers by Western Europe."
"Get Carter","Movies ğŸ¿","","Backlogs",3/17/24,3/17/24,Movie,false,0.0,,"Movie that Bourdain loves. Would be good to watch with Daniel. "
"Godzilla Minus One","Movies ğŸ¿","","Backlogs",6/3/24,6/3/24,Movie,false,0.0,,""
"Jacqueline Novak: Get on Your Knees","Movies ğŸ¿","","Backlogs",1/25/24,1/25/24,Movie,false,0.0,,"Comedy special. Heard them on CBB. "
"Joint Security Area","Movies ğŸ¿","","Backlogs",1/14/24,1/14/24,Movie,false,0.0,,""
"King Arthur: Legend of the Sword","Movies ğŸ¿","","Backlogs",11/1/24,11/1/24,Movie,false,0.0,,"One of Danishâ€™s favorite movies. "
"Last Night in Soho","Movies ğŸ¿","","Backlogs",11/18/23,11/18/23,Movie,false,0.0,,"From the guy that did hot fuzz! "
"Mr. Monk's Last Case: A Monk Movie","Movies ğŸ¿","","Backlogs",11/23/23,11/23/23,Movie,false,0.0,,""
"Next Goal Wins","Movies ğŸ¿","","Backlogs",12/1/23,12/1/23,Movie,false,0.0,,"A taiki movie "
"Point Break","Movies ğŸ¿","","Backlogs",11/19/24,11/19/24,Movie,false,0.0,,""
"Predator","Movies ğŸ¿","","Backlogs",11/19/24,11/19/24,Movie,false,0.0,,"Joe says WATCH IT, DAVID!"
"Scott Pilgrim vs. the World","Movies ğŸ¿","","Backlogs",1/12/24,1/12/24,Movie,false,0.0,,""
"Sonic the Hedgehog 2","Movies ğŸ¿","","Backlogs",5/1/24,5/1/24,Movie,false,0.0,,""
"Stardust","Movies ğŸ¿","","Backlogs",2/17/24,1/29/24,Movie,false,0.0,,""
"The Beatles: Get Back","Movies ğŸ¿","","Backlogs",11/29/23,11/29/23,TV Show,false,0.0,,"This is the Peter Jackson Beatles documentary "
"The Beekeeper","Movies ğŸ¿","","Backlogs",7/26/24,7/26/24,Movie,false,0.0,,""
"The Fall","Movies ğŸ¿","","Backlogs",10/25/24,10/25/24,Movie,false,0.0,,"Rob Wagner is â€œmorally obligatedâ€ to recommend this movie that was snubbed at Oscars."
"The Godfather","Movies ğŸ¿","","Backlogs",9/7/23,9/3/23,Movie,false,0.0,,""
"The Irishman","Movies ğŸ¿","","Backlogs",1/15/24,1/15/24,Movie,false,0.0,,""
"Thelma","Movies ğŸ¿","","Backlogs",7/26/24,7/26/24,Movie,false,0.0,,""
"Thief","Movies ğŸ¿","","Backlogs",2/17/24,1/9/24,Movie,false,0.0,,"Inspiration for Drive"
"Top Gun: Maverick","Movies ğŸ¿","","Backlogs",2/17/24,1/11/24,Movie,false,0.0,,""
"Total Recall","Movies ğŸ¿","","Backlogs",2/19/24,2/19/24,Movie,false,0.0,,"Governators best performance. There is an eye of the duck episode about it. "
"Unbreakable","Movies ğŸ¿","","Backlogs",11/20/23,11/20/23,Movie,false,0.0,,""
"Uncut Gems","Movies ğŸ¿","","Backlogs",5/12/24,9/3/23,Movie,false,0.0,,""
"Wall Street","Movies ğŸ¿","","Backlogs",10/8/24,10/8/24,Movie,false,0.0,,""
"Weird: The Al Yankovic Story","Movies ğŸ¿","","Backlogs",9/6/23,9/6/23,Movie,false,0.0,,""
"White Noise","Movies ğŸ¿","","Backlogs",9/5/23,9/5/23,Movie,false,0.0,,"Recommended by Dave Chen. Touched on 20th century themes. Sounds surrealist. "
"A Christmas Album","Music ğŸµ","","Backlogs",11/19/24,11/19/24,Music Album,false,0.0,,""
"Born to Die","Music ğŸµ","","Backlogs",10/21/23,10/1/23,Music Album,false,0.0,,""
"Building A Better","Music ğŸµ","","Backlogs",9/19/23,9/19/23,Music Album,false,0.0,,"another one that joe g recommended as seminal emo listening"
"Cool Christmas Blues (1994 Re-Recorded Versions)","Music ğŸµ","","Backlogs",11/29/23,11/29/23,Music Album,false,0.0,,"Derekâ€™s favorite Christmas album ever. "
"Ctrl","Music ğŸµ","","Backlogs",12/11/23,12/11/23,Music Album,false,0.0,,""
"Doves & Ravens - EP","Music ğŸµ","","Backlogs",11/29/23,11/29/23,Music Album,false,0.0,,"Dan, Kara and Sam all recommend this guy. "
"HIT ME HARD AND SOFT","Music ğŸµ","","Backlogs",5/20/24,5/20/24,Music Album,false,0.0,,""
"Highly Sensitive Person","Music ğŸµ","","Backlogs",3/31/24,3/31/24,Music Album,false,0.0,,""
"Hood Hottest Princess (Deluxe)","Music ğŸµ","","Backlogs",12/5/23,12/5/23,Music Album,false,0.0,,""
"Idol","Music ğŸµ","","Backlogs",9/23/23,9/21/23,Music Album,false,0.0,,""
"Isle of Lofi: Adrift & Asleep (DJ Mix)","Music ğŸµ","","Backlogs",3/26/24,3/26/24,Music Album,false,0.0,,""
"KIDS SEE GHOSTS","Music ğŸµ","","Backlogs",8/26/24,8/26/24,Music Album,false,0.0,,""
"Like..? Deluxe (Apple Music Edition)","Music ğŸµ","","Backlogs",12/5/23,12/5/23,Music Album,false,0.0,,""
"Making Beds in a Burning House","Music ğŸµ","","Backlogs",9/5/24,9/5/24,Music Album,false,0.0,,""
"OK Computer","Music ğŸµ","","Backlogs",9/29/24,9/29/24,Music Album,false,0.0,,""
"On a Wire","Music ğŸµ","","Backlogs",10/30/23,10/27/23,Music Album,false,0.0,,"This is Paul Hummerâ€™s go-to fall autumn album"
"Pinkerton","Music ğŸµ","","Backlogs",3/27/24,3/27/24,Music Album,false,0.0,,""
"SOS","Music ğŸµ","","Backlogs",12/11/23,12/11/23,Music Album,false,0.0,,""
"Space Heavy","Music ğŸµ","","Backlogs",12/8/23,12/8/23,Music Album,false,0.0,,"King Krule - supposed to be loungey "
"St. Vincent","Music ğŸµ","","Backlogs",9/29/24,9/29/24,Music Album,false,0.0,,""
"Tell All Your Friends (Remastered)","Music ğŸµ","","Backlogs",9/19/23,9/19/23,Music Album,false,0.0,,"Joe G said that this is _the_ emo album. I should give it a listen!"
"The Good Kind","Music ğŸµ","","Backlogs",11/10/24,11/10/24,Music Album,false,0.0,,""
"Tim (Expanded Edition)","Music ğŸµ","","Backlogs",11/29/23,11/29/23,Music Album,false,0.0,,"Derek said this is super good. Initially released with weird production. "
"Weezer","Music ğŸµ","","Backlogs",3/27/24,3/27/24,Music Album,false,0.0,,""
"Weezer (Green Album)","Music ğŸµ","","Backlogs",3/27/24,3/27/24,Music Album,false,0.0,,""
"Worry.","Music ğŸµ","","Backlogs",6/23/24,6/23/24,Music Album,false,0.0,,""
"always cloudy - EP","Music ğŸµ","","Backlogs",10/21/23,10/5/23,Music Album,false,0.0,,"Recâ€™d by Paul Hummer"
"Avatar: The Last Airbender","Shows ğŸ“º","","Backlogs",9/6/23,9/6/23,TV Show,false,0.0,,""
"BLUE EYE SAMURAI","Shows ğŸ“º","","Backlogs",11/18/23,11/16/23,TV Show,false,0.0,,"Recommended by Kurt who devoured it. Triple Click. "
"Bodies","Shows ğŸ“º","","Backlogs",2/17/24,1/12/24,TV Show,false,0.0,,"might be a good one to watch with Katie!"
"Cyberpunk: Edgerunners","Shows ğŸ“º","","Backlogs",11/18/23,11/16/23,TV Show,false,0.0,,""
"Delicious in Dungeon","Shows ğŸ“º","","Backlogs",1/22/24,1/22/24,TV Show,false,0.0,,""
"Hazbin Hotel","Shows ğŸ“º","","Backlogs",3/3/24,3/3/24,TV Show,false,0.0,,"Stephanie Beatriz is in it!"
"Mystery Science Theater 3000","Shows ğŸ“º","","Backlogs",1/27/24,1/21/24,TV Show,false,0.0,,""
"Mythic Quest","Shows ğŸ“º","","Backlogs",9/23/23,9/23/23,TV Show,false,0.0,,""
"Scavengers Reign","Shows ğŸ“º","","Backlogs",11/24/23,11/24/23,TV Show,false,0.0,,"Griffin said itâ€™s the best sci-fi he has ever seen. An important show. "
"ShÅgun","Shows ğŸ“º","","Backlogs",3/21/24,3/21/24,TV Show,false,0.0,,"Based on a book series. "
"Star Trek: The Next Generation","Shows ğŸ“º","","Backlogs",9/25/23,9/25/23,TV Show,false,0.0,,""
"The Continental: From the World of John Wick","Shows ğŸ“º","","Backlogs",9/23/23,9/23/23,TV Show,false,0.0,,""
"The Lord of the Rings: The Rings of Power","Shows ğŸ“º","","Backlogs",9/6/23,9/6/23,TV Show,false,0.0,,""
"The Sopranos","Shows ğŸ“º","","Backlogs",9/3/23,9/3/23,TV Show,false,0.0,,""
"Tokyo Vice","Shows ğŸ“º","","Backlogs",4/8/24,4/8/24,TV Show,false,0.0,,""
"Play Nice","Activity","","Main",12/8/24,12/8/24,Book,FALSE,0.0,,""
"Rhythm of War","Activity","","Main",11/24/24,11/24/24,Book,FALSE,0.0,,""
"Gladiator II","Activity","","Main",11/21/24,11/23/24,Movie,FALSE,0.0,,""
"Five Dice, All Threes","Activity","","Main",11/16/24,11/16/24,Music Album,FALSE,0.0,,""
"Sweet Hope","Activity","","Main",11/4/24,11/4/24,Music Album,FALSE,0.0,,"Saw this in a Harperâ€™s ad. "
"Paranormasight: The Seven Mysteries of Honjo","Activity","","Main",10/31/24,10/31/24,Video Game,FALSE,10.0,,""
"On Tyranny","Activity","","Main",10/27/24,10/27/24,Book,FALSE,0.0,,""
"Mirror Lake","Activity","","Main",10/26/24,10/26/24,Book,FALSE,0.0,,""
"Radical Candor: Fully Revised & Updated Edition","Activity","","Main",10/26/24,10/26/24,Book,FALSE,0.0,,"Read about 1/3 and got a lot out of it! "
"Moon Music","Activity","","Main",10/4/24,10/4/24,Music Album,FALSE,0.0,,""
"Foxing","Activity","","Main",10/2/24,10/2/24,Music Album,FALSE,0.0,,""
"Minishoot' Adventures","Activity","","Main",9/29/24,9/29/24,Video Game,FALSE,0.0,,""
"The Night Shift","Activity","","Main",9/25/24,9/25/24,Music Album,FALSE,0.0,,""
"Doing It For Me","Activity","","Main",9/25/24,9/25/24,Music Album,FALSE,0.0,,""
"Bay Faction","Activity","","Main",9/13/24,9/13/24,Music Album,FALSE,0.0,,""
"Heroes","Activity","","Main",9/8/24,9/8/24,Music Album,FALSE,0.0,,"DLC and Filmcast always talk about The Midnight. "
"A Stranger Desired","Activity","","Main",9/8/24,9/8/24,Music Album,FALSE,0.0,,"Has the layered vocals I love from their collab with Lana del Rey.b overall for maybe. Acoustic singer song writer vibes which arenâ€™t super working for me. Just 1 or 2 standout tracks. "
"How to Break Up with Your Phone","Activity","","Main",8/31/24,8/31/24,Book,FALSE,0.0,,"Mentioned in futureproof Read about half and adopted about halfway of a breakup. "
"Blue Banisters","Activity","","Main",8/31/24,8/31/24,Music Album,FALSE,0.0,,""
"Short n' Sweet","Activity","","Main",8/31/24,8/31/24,Music Album,FALSE,0.0,,""
"Arranger: A Role-Puzzling Adventure","Activity","","Main",8/16/24,8/16/24,Video Game,FALSE,0.0,,""
"WestNorth","Activity","","Main",8/4/24,8/4/24,Music Album,FALSE,0.0,,"They did the Jumbotron on Jordan Jesse go. I like it! Would definitely revisit for work music. "
"The Last Murder at the End of the World","Activity","","Main",7/29/24,7/30/24,Book,FALSE,0.0,,""
"1000xResist","Activity","","Main",7/22/24,7/22/24,Video Game,FALSE,0.0,,""
"Phoenix Wright: Ace Attorney - Trials and Tribulations","Activity","","Main",7/15/24,7/15/24,Video Game,FALSE,0.0,,""
"Norman F*****g Rockwell!","Activity","","Main",7/14/24,7/14/24,Music Album,FALSE,0.0,,""
"Superclean, Vol. II - EP","Activity","","Main",7/12/24,7/12/24,Music Album,FALSE,0.0,,""
"Superclean, Vol. I - EP","Activity","","Main",7/12/24,7/12/24,Music Album,FALSE,0.0,,""
"BRAT","Activity","","Main",7/10/24,7/10/24,Music Album,FALSE,0.0,,""
"Beauty","Activity","","Main",7/9/24,7/9/24,Book,FALSE,0.0,,"By Stefan Sagmeister and Jessica Walsh.Recommended by the Doist CEO Amir as a beautiful coffee table book. Definitely would want phsyical. "
"Still Kids","Activity","","Main",7/3/24,7/3/24,Music Album,FALSE,0.0,,"Christian Spicer said itâ€™s super good. "
"Keep Me Fed","Activity","","Main",7/1/24,7/1/24,Music Album,FALSE,0.0,,""
"The Rise and Fall of a Midwest Princess","Activity","","Main",6/28/24,6/28/24,Music Album,FALSE,0.0,,"I am not sure why but I had a note in Todoist that I should listen to this. "
"Cold Clay","Activity","","Main",6/27/24,6/28/24,Book,FALSE,0.0,,""
"Humble Pi","Activity","","Main",6/26/24,6/26/24,Book,FALSE,0.0,,""
"Dragon Quest XI S: Echoes of an Elusive Age - Definitive Edition","Activity","","Main",6/18/24,6/18/24,Video Game,FALSE,0.0,,""
"1491 (Second Edition)","Activity","","Main",6/15/24,6/15/24,Book,FALSE,0.0,,"Itâ€™s more a history of scholarship of pre Columbus American history, rather than the history itself. I like that this lets me understand the raw data and the conclusions drawn. But as a result itâ€™s very focused on western scholarship and a bit dry. "
"THE TORTURED POETS DEPARTMENT","Activity","","Main",6/11/24,6/11/24,Music Album,FALSE,0.0,,""
"Number Go Up","Activity","","Main",6/9/24,6/9/24,Book,FALSE,0.0,,""
"In Sexyy We Trust","Activity","","Main",5/29/24,5/29/24,Music Album,FALSE,0.0,,""
"Botany Manor","Activity","","Main",5/28/24,5/28/24,Video Game,FALSE,0.0,,""
"Blonde","Activity","","Main",5/13/24,5/13/24,Music Album,FALSE,0.0,,"Ambient post r&b- seems like my jam! "
"Dawnshard","Activity","","Main",5/11/24,5/11/24,Book,FALSE,0.0,,""
"Chants of Sennaar","Activity","","Main",5/4/24,5/4/24,Video Game,FALSE,0.0,,""
"Argylle","Activity","","Main",4/27/24,4/30/24,Movie,FALSE,0.0,,""
"Phoenix Wright: Ace Attorney - Justice For All","Activity","","Main",4/22/24,4/22/24,Video Game,FALSE,0.0,,""
"Clueless","Activity","","Main",4/20/24,4/20/24,Movie,FALSE,0.0,,""
"Dua Lipa (Deluxe)","Activity","","Main",3/26/24,3/26/24,Music Album,FALSE,0.0,,""
"Practical Vim","Activity","","Main",3/26/24,3/26/24,Book,FALSE,0.0,,""
"Futureproof","Activity","","Main",3/16/24,4/30/24,Book,FALSE,0.0,,"Recommended by Kirk Hamilton"
"Prince of Persia: The Lost Crown","Activity","","Main",3/15/24,6/15/24,Video Game,FALSE,0.0,,"Did not complete but really enjoyed the fluidity of movement and attacks. "
"Escape Academy: Escape From Anti-Escape Island","Activity","","Main",3/14/24,3/14/24,Video Game,FALSE,0.0,,"Played with Sam and had a blast! In the Eruption arcade game, Sam forgot we were looking for a clue. After beating it just was happy with the score and left the machine. "
"How Big Things Get Done","Activity","","Main",3/10/24,3/10/24,Book,FALSE,0.0,,"Recommended by Will Larson"
"Smart Brevity","Activity","","Main",3/5/24,3/14/24,Book,FALSE,0.0,,"Would recommend to anyone with a job that includes any writing. "
"The Wager","Activity","","Main",2/24/24,2/24/24,Book,FALSE,0.0,,"Triple Click says heâ€™s amazing non fiction writer. And itâ€™s about ships so like of course Iâ€™ll love it. Read this alongside dad! Lots of fun to do that. "
"Shady Hollow","Activity","","Main",2/19/24,3/14/24,Book,FALSE,0.0,,"Read with Katie! We want to read the rest of the series together. "
"Monk","Activity","","Main",2/16/24,5/26/24,TV Show,FALSE,0.0,,"Havenâ€™t finished but watched several seasons while AJ was a newborn. Would take the 8-11 shift and watch while he slept â¤ï¸"
"Oathbringer","Activity","","Main",1/29/24,1/29/24,Book,FALSE,0.0,,""
"Phoenix Wright: Ace Attorney","Activity","","Main",12/2/23,12/2/23,Video Game,FALSE,0.0,,"35 hours. "
"Our Flag Means Death","Activity","","Main",11/27/23,11/27/23,TV Show,FALSE,0.0,,""
"Bottoms","Activity","","Main",11/26/23,1/12/24,Movie,FALSE,0.0,,""
"Only Murders in the Building","Activity","","Main",11/21/23,11/21/23,TV Show,FALSE,0.0,,"Watched season 2 "
"Jusant","Activity","","Main",11/8/23,11/8/23,Video Game,FALSE,0.0,,""
"Super Mario Bros. Wonder","Activity","","Main",11/8/23,6/15/24,Video Game,FALSE,0.0,,"Katie and I played this together right up until AJ was born! "
"The Legend of Zelda: Tears of the Kingdom","Activity","","Main",11/1/23,11/1/23,Video Game,FALSE,0.0,,"Beat it!"
"Yakuza Kiwami","Activity","","Main",10/30/23,10/30/23,Video Game,FALSE,0.0,,""
"Sea of Stars","Activity","","Main",10/27/23,10/27/23,Video Game,FALSE,0.0,,""
"Cocoon","Activity","","Main",10/8/23,10/8/23,Video Game,FALSE,0.0,,""
"Scarlet","Activity","","Main",10/8/23,10/8/23,Music Album,FALSE,0.0,,""
"Gris","Activity","","Main",9/30/23,9/30/23,Video Game,FALSE,0.0,,"Started Sept 5 because it came to game pass. Itâ€™s beautiful but not sure if I will finish.Sept 30- calling my run over. Came back to it and wasnâ€™t sure where to go. Unbelievable sound track. Def want to listen to it more. Best moment is making yourself heavy and advancing toward to the crow. Each step heavy. Then soon enough you have to double jump and float with their scream atYour back. "
"Lapin","Activity","","Main",9/30/23,9/30/23,Video Game,FALSE,0.0,,"Got through most of chapter 3. Maybe close to end. Super fun platforming. Orchestral music. Beautiful animation. Water color backends. "
"Starfield","Activity","","Main",9/30/23,9/30/23,Video Game,FALSE,0.0,,"Got to credits. Likely will get to credits a couple more times! "
"Out of the Angeles (Deluxe)","Activity","","Main",9/30/23,9/30/23,Music Album,FALSE,0.0,,"Matt shaver recommended. Accessible shoe gaze. Love it. "
"GUTS","Activity","","Main",9/24/23,9/24/23,Music Album,FALSE,0.0,,""
"The Legend of Zelda: Tears of the Kingdom","Activity","","Main",9/20/23,9/20/23,Video Game,FALSE,0.0,,"Started May 12"
"Diablo IV","Activity","","Main",9/20/23,9/20/23,Video Game,FALSE,0.0,,"Playing slowly with Sam Brianna and Logan. "
"End","Activity","","Main",9/18/23,9/19/23,Music Album,FALSE,0.0,,""
"A Haunting in Venice","Activity","","Main",9/17/23,9/17/23,Movie,FALSE,0.0,,""
"Edgedancer","Activity","","Main",9/4/23,9/4/23,Book,FALSE,0.0,,""
"The Joy Of X","Activity","","Main",8/27/23,11/29/23,Book,FALSE,0.0,,""
"Immortality","Activity","","Main",8/22/23,12/15/24,Video Game,FALSE,0.0,,""
"SteamWorld Dig","Activity","","Main",8/20/23,12/15/24,Video Game,FALSE,0.0,,""
"OlliOlli World","Activity","","Main",8/15/23,9/7/23,Video Game,FALSE,0.0,,""
"The Great Ace Attorney: Adventures","Activity","","Main",8/11/23,12/15/24,Video Game,FALSE,0.0,,""
"Toem","Activity","","Main",8/4/23,12/15/24,Video Game,FALSE,0.0,,""
"Words of Radiance","Activity","","Main",7/6/23,12/14/23,Book,FALSE,0.0,,""
"The Sawbones Book","Activity","","Main",6/30/23,12/14/23,Book,FALSE,0.0,,""
"Planet of Lana","Activity","","Main",6/26/23,12/15/24,Video Game,FALSE,0.0,,""
"Warbreaker","Activity","","Main",6/6/23,12/14/23,Book,FALSE,0.0,,""
"Loop Hero","Activity","","Main",5/15/23,12/15/24,Video Game,FALSE,0.0,,""
"The Way of Kings","Activity","","Main",5/11/23,12/14/23,Book,FALSE,0.0,,""
"Cribsheet","Activity","","Main",5/10/23,12/14/23,Book,FALSE,0.0,,""
"Konkan Coast Pirate Solutions","Activity","","Main",5/4/23,12/15/24,Video Game,FALSE,0.0,,""
"Hogwarts Legacy","Activity","","Main",4/30/23,9/7/23,Video Game,FALSE,0.0,,"Got about 25 hours in without progressing story much. Definitely could return to it. "
"Chained Echoes","Activity","","Main",4/6/23,9/7/23,Video Game,FALSE,0.0,,"Shelved after 20 hours. "
"A Memoir Blue","Activity","","Main",3/20/23,12/15/24,Video Game,FALSE,0.0,,""
"The Book of Fun","Activity","","Main",3/8/23,12/14/23,Book,FALSE,0.0,,""
"A Prayer for the Crown-Shy","Activity","","Main",2/27/23,12/14/23,Book,FALSE,0.0,,""
"Jade Legacy","Activity","","Main",2/15/23,12/14/23,Book,FALSE,0.0,,""
"Dragon Quest Builders 2","Activity","","Main",2/12/23,12/15/24,Video Game,FALSE,0.0,,""
"Rogue Legacy 2","Activity","","Main",1/5/23,12/15/24,Video Game,FALSE,0.0,,""
"Dorfromantik","Activity","","Main",12/30/22,12/15/24,Video Game,FALSE,0.0,,""
"A Psalm for the Wild-Built","Activity","","Main",12/23/22,12/14/23,Book,FALSE,0.0,,""
"The Legend of Zelda: The Minish Cap","Activity","","Main",12/12/22,12/15/24,Video Game,FALSE,0.0,,""
"Sea of Tranquility","Activity","","Main",11/29/22,12/14/23,Book,FALSE,0.0,,""
"Immortals Fenyx Rising","Activity","","Main",11/9/22,12/15/24,Video Game,FALSE,0.0,,""
"Return to Monkey Island","Activity","","Main",11/7/22,12/15/24,Video Game,FALSE,0.0,,""
"Vampire Survivors","Activity","","Main",11/6/22,12/15/24,Video Game,FALSE,0.0,,""
"Trigger Warning","Activity","","Main",11/4/22,12/14/23,Book,FALSE,0.0,,""
"Murder on the Orient Express","Activity","","Main",10/16/22,12/14/23,Book,FALSE,0.0,,""
"Tinykin","Activity","","Main",10/2/22,12/15/24,Video Game,FALSE,0.0,,""
"Girly Drinks","Activity","","Main",9/5/22,12/14/23,Book,FALSE,0.0,,""
"If a Pirate I Must Be","Activity","","Main",8/5/22,12/14/23,Book,FALSE,0.0,,""
"Eiyuden Chronicle: Rising","Activity","","Main",7/20/22,12/15/24,Video Game,FALSE,0.0,,""
"Kirby and the Forgotten Land","Activity","","Main",7/19/22,12/15/24,Video Game,FALSE,0.0,,""
"Jade War","Activity","","Main",7/15/22,12/14/23,Book,FALSE,0.0,,""
"The Nineties","Activity","","Main",7/3/22,12/14/23,Book,FALSE,0.0,,""
"New Super Lucky's Tale","Activity","","Main",6/21/22,12/15/24,Video Game,FALSE,0.0,,""
"The Library of the Dead","Activity","","Main",6/18/22,12/14/23,Book,FALSE,0.0,,""
"How to Take Over the World","Activity","","Main",5/3/22,12/14/23,Book,FALSE,0.0,,""
"Tunic","Activity","","Main",4/24/22,12/15/24,Video Game,FALSE,0.0,,""
"The Anthropocene Reviewed","Activity","","Main",4/15/22,12/14/23,Book,FALSE,0.0,,""
"A Heartbreaking Work Of Staggering Genius","Activity","","Main",4/15/22,12/14/23,Book,FALSE,0.0,,""
"Jade City","Activity","","Main",4/12/22,12/14/23,Book,FALSE,0.0,,""
"Donut County","Activity","","Main",4/5/22,12/15/24,Video Game,FALSE,0.0,,""
"Picross S7","Activity","","Main",4/1/22,12/15/24,Video Game,FALSE,0.0,,""
"Nobody Saves the World","Activity","","Main",3/1/22,12/15/24,Video Game,FALSE,0.0,,""
"Monster Hunter Rise","Activity","","Main",2/28/22,12/15/24,Video Game,FALSE,0.0,,""
"Eat a Peach","Activity","","Main",2/23/22,12/14/23,Book,FALSE,0.0,,""
"Metroid Dread","Activity","","Main",1/31/22,12/15/24,Video Game,FALSE,0.0,,""
"The 7 1/2 Deaths of Evelyn Hardcastle","Activity","","Main",1/25/22,12/14/23,Book,FALSE,0.0,,""
"The Manager's Path","Activity","","Main",1/25/22,12/14/23,Book,FALSE,0.0,,""
"This Is Your Mind on Plants","Activity","","Main",1/20/22,12/14/23,Book,FALSE,0.0,,""
"Gorogoa","Activity","","Main",1/11/22,12/15/24,Video Game,FALSE,0.0,,""
"Into the Wild","Activity","","Main",1/7/22,12/14/23,Book,FALSE,0.0,,""
"Piranesi","Activity","","Main",1/6/22,12/14/23,Book,FALSE,0.0,,""
"Halo Infinite","Activity","","Main",1/1/22,12/15/24,Video Game,FALSE,0.0,,""
"Why Fish Don't Exist","Activity","","Main",12/29/21,12/14/23,Book,FALSE,0.0,,""
"The Magicians","Activity","","Main",12/29/21,12/14/23,Book,FALSE,0.0,,""
"Press Reset","Activity","","Main",11/20/21,12/14/23,Book,FALSE,0.0,,""
"The Phoenix Project","Activity","","Main",11/6/21,12/15/23,Book,FALSE,0.0,,""
"Project Hail Mary","Activity","","Main",10/27/21,12/14/23,Book,FALSE,0.0,,""
"The Wise Man's Fear","Activity","","Main",10/10/21,12/15/23,Book,FALSE,0.0,,""
"Blood, Sweat, and Pixels","Activity","","Main",9/27/21,12/15/23,Book,FALSE,0.0,,""
"Under the Sky We Make","Activity","","Main",9/16/21,12/15/23,Book,FALSE,0.0,,""
"Yearbook","Activity","","Main",8/7/21,12/15/23,Book,FALSE,0.0,,""
"Bringing Down the Duke","Activity","","Main",8/2/21,12/15/23,Book,FALSE,0.0,,""
"The Name of the Wind","Activity","","Main",7/27/21,12/15/23,Book,FALSE,0.0,,""
"Money","Activity","","Main",7/20/21,12/15/23,Book,FALSE,0.0,,""
"Stuff You Should Know","Activity","","Main",7/18/21,12/15/23,Book,FALSE,0.0,,""
"How to Avoid a Climate Disaster","Activity","","Main",7/9/21,12/15/23,Book,FALSE,0.0,,""
"Big Little Lies","Activity","","Main",6/27/21,12/15/23,Book,FALSE,0.0,,""
"The Devil and the Dark Water","Activity","","Main",6/21/21,12/15/23,Book,FALSE,0.0,,""
"The Rust Programming Language, 2nd Edition","Activity","","Main",5/9/21,12/15/23,Book,FALSE,0.0,,""
"Sapiens","Activity","","Main",5/4/21,12/15/23,Book,FALSE,0.0,,""
"Children of Earth and Sky","Activity","","Main",4/2/21,12/15/23,Book,FALSE,0.0,,""
"Sprint","Activity","","Main",4/1/21,12/15/23,Book,FALSE,0.0,,""
"The Friends of Eddie Coyle","Activity","","Main",3/6/21,12/15/23,Book,FALSE,0.0,,""
"The Midnight Library","Activity","","Main",2/22/21,12/15/23,Book,FALSE,0.0,,""
"The Black Prism","Activity","","Main",1/4/21,12/15/23,Book,FALSE,0.0,,""
"Refactoring UI","Activity","","Main",12/20/20,12/15/23,Book,FALSE,0.0,,""
"Classical Music Without Fear: A Guide For General Audiences","Activity","","Main",12/6/20,12/15/23,Book,FALSE,0.0,,"Author: Marianne Williams Tobiastextbook"
"The Dispossessed","Activity","","Main",11/30/20,12/15/23,Book,FALSE,0.0,,""
"","Activity","","Main",11/9/20,12/15/23,Book,FALSE,0.0,,""
"Ghostwritten","Activity","","Main",4/15/13,12/15/23,Book,FALSE,0.0,,""
